campaign_name,calc_cpc,impressions,campaign_id,spend,landing_page_view
curren 8225,35.68518518518518,15705,23844595095050758,3854.27,108
curren 8225,35.68518518518518,15705,23844595095050758,3854.27,108
