calc_cpc,impressions,campaign_id,campaign_name,spend,landing_page_view,current_time
33.53691275167785,21686,23844595095050758,Curren 8225@ May 17 - July 4,4997.38,149,Thu Jul  2 10:49:39 2020
33.53691275167785,21686,23844595095050758,Curren 8225@ May 17 - July 4,4997.38,149,Thu Jul  2 10:50:42 2020
33.53691275167785,21686,23844595095050758,Curren 8225@ May 17 - July 4,4997.38,149,Thu Jul  2 10:50:57 2020
33.53691275167785,21686,23844595095050758,Curren 8225@ May 17 - July 4,4997.38,149,Thu Jul  2 10:54:11 2020
